2026-03-26T00:01:18.956689,1604107
2026-03-26T00:05:21.464118,1604107
2026-03-26T00:05:25.547891,1604107
2026-03-26T00:05:25.655204,1604107
2026-03-26T00:05:26.535770,1604107
2026-03-26T00:05:26.631544,1604107
2026-03-26T00:05:27.008652,1604107
2026-03-26T00:05:27.129785,1604107
2026-03-26T00:06:20.562039,1604107
2026-03-26T00:09:54.049101,1604107
2026-03-26T00:10:45.090873,1604107
2026-03-26T00:11:01.355127,1604107
2026-03-26T00:15:18.175321,1604107
2026-03-26T00:15:21.523063,1604107
2026-03-26T00:15:21.652901,1604107
2026-03-26T00:22:07.596479,1604107
2026-03-26T00:22:08.295647,1604107
2026-03-26T00:22:11.768099,1604107
2026-03-26T00:53:47.273958,1604107
2026-03-26T00:56:08.485977,1604107
2026-03-26T00:56:12.005396,1604107
2026-03-26T00:56:12.133974,1604107
2026-03-26T00:59:40.730219,1604107
2026-03-26T09:09:20.569292,1604107
2026-03-26T09:09:25.272679,1604107
2026-03-26T09:09:25.559658,1604107
2026-03-26T09:09:25.953593,1604107
2026-03-26T09:09:26.275417,1604107
2026-03-26T09:09:27.406144,1604107
2026-03-26T09:09:27.670888,1604107
2026-03-26T09:11:12.475486,1604107
2026-03-26T09:11:12.580006,1604107
2026-03-26T09:11:13.905974,1604107
2026-03-26T09:11:14.042444,1604107
2026-03-26T09:11:15.361207,1604107
2026-03-26T09:11:15.466448,1604107
2026-03-26T09:11:24.141217,1604107
2026-03-26T09:11:24.269452,1604107
2026-03-26T09:12:17.253970,1604107
2026-03-26T09:12:17.389464,1604107
2026-03-26T09:12:53.079670,1604107
2026-03-26T09:12:53.196233,1604107
2026-03-26T09:12:56.167455,1604107
2026-03-26T09:12:56.306683,1604107
2026-03-26T09:13:08.575298,1604107
2026-03-26T09:13:08.692732,1604107
2026-03-26T09:13:09.491457,1604107
2026-03-26T09:13:09.586808,1604107
2026-03-26T09:13:10.240403,1604107
2026-03-26T09:13:10.352338,1604107
2026-03-26T09:13:10.888400,1604107
2026-03-26T09:13:10.988999,1604107
2026-03-26T09:13:11.461911,1604107
2026-03-26T09:13:11.548315,1604107
2026-03-26T09:14:56.927713,1604107
2026-03-26T09:14:57.124589,1604107
2026-03-26T09:14:57.942294,1604107
2026-03-26T09:14:58.103384,1604107
2026-03-26T09:14:58.811062,1604107
2026-03-26T09:14:58.914461,1604107
2026-03-26T19:54:33.826252,1604107
2026-03-26T19:55:43.824074,1604107
2026-03-26T20:21:17.553699,1604107
2026-03-26T20:21:17.686263,1604107
2026-03-26T20:21:20.763705,1604107
2026-03-26T20:21:20.888463,1604107
2026-03-26T20:21:21.216900,1604107
2026-03-26T20:21:21.347192,1604107
2026-03-26T20:21:21.374365,1604107
2026-03-26T20:21:21.465773,1604107
2026-03-26T20:21:21.537296,1604107
2026-03-26T20:21:21.628880,1604107
2026-03-26T20:32:58.631817,1604107
2026-03-26T20:32:58.770493,1604107
2026-03-26T20:32:59.540352,1604107
2026-03-26T20:32:59.634641,1604107
2026-03-26T20:33:00.167570,1604107
2026-03-26T20:33:00.260905,1604107
2026-03-26T20:33:00.288344,1604107
2026-03-26T20:33:00.374242,1604107
2026-03-26T20:36:51.022490,1604107
2026-03-26T20:36:51.154206,1604107
2026-03-26T20:36:51.728429,1604107
2026-03-26T20:36:51.831261,1604107
2026-03-26T20:36:52.088955,1604107
2026-03-26T20:36:52.213621,1604107
2026-03-26T20:36:52.213659,1604107
2026-03-26T20:36:52.316691,1604107
2026-03-26T21:24:26.146302,1604107
2026-03-26T21:24:26.268186,1604107
2026-03-26T21:24:26.709728,1604107
2026-03-26T21:24:26.802015,1604107
2026-03-26T21:31:18.551783,1604107
2026-03-26T21:31:20.625910,1604107
2026-03-26T21:31:55.677702,1604107
2026-03-26T21:31:55.809705,1604107
2026-03-26T21:32:05.517930,1604107
2026-03-26T21:32:05.649740,1604107
2026-03-26T21:32:15.909274,1604107
2026-03-26T21:32:16.027951,1604107
2026-03-26T21:32:21.030233,1604107
2026-03-26T21:32:32.300609,1604107
2026-03-26T21:34:56.455416,1604107
2026-03-26T21:34:56.615832,1604107
2026-03-26T21:34:57.286941,1604107
2026-03-26T21:34:57.402364,1604107
2026-03-26T21:56:15.780741,1604107
2026-03-26T22:15:23.439965,1604107
2026-03-26T22:20:30.923885,1604107
2026-03-26T22:20:48.086490,1604107
2026-03-26T22:29:14.725409,1604107
